id	active	latinName	commonName	varietyName	speciesGroup	winterBark	winterBuds	winterForm	winterTwigs	summerLeaf	summerFlower	summerFruit	summerForm	juvenileFeatures	matureFeatures	veteranFeatures	whyThisTree	keyDifferentiators	seasonalNotes	identificationTips	imageRef
1	YES	Acer platanoides	Norway Maple		Maple	Dark grey bark with shallow fissures in diamond pattern	Large red-brown buds, opposite arrangement, rounded with 5-7 bud scales	Dense rounded crown, strong central leader when young	Green twigs, milky sap when broken	Bright green palmate leaves, 5-lobed with long pointed tips, milky sap from petiole when detached	Yellow-green flowers in upright clusters, appearing before leaves	Paired samaras with wings diverging at 180 degrees	Broadly columnar to rounded crown	Smooth bark, vigorous growth, dense foliage	Full rounded crown, shallow fissuring develops	Large spreading crown, some branch dieback	Diagnostic milky sap distinguishes from all other maples. Common street tree with distinctive flat-winged seeds.	ACER PSEUDOPLATANUS: No milky sap, grey bark more scaly, winged seeds V-shaped at acute angle not straight across. ACER CAMPESTRE: Much smaller leaves, corky bark on mature twigs, no milky sap. UNIQUE TO NORWAY MAPLE: Milky sap when leaf stalk or twig broken, samara wings at 180 degrees.	Winter: Distinctive red-brown buds with milky sap visible if broken. Summer: Full green foliage, milky sap diagnostic. Autumn: Clear yellow color.	Milky sap = Norway Maple (not Sycamore). Remember: platanoides = plane-like (leaf shape). Break a bud or leaf stalk to check for milky sap.	acer_platanoides
2	YES	Acer platanoides	Norway Maple	Crimson King	Maple	Dark grey bark, shallow diamond-pattern fissures	Large red-brown buds, opposite arrangement, rounded	Dense rounded crown, strong apical dominance when young	Green twigs, milky sap when broken	Dark purple-red palmate leaves, 5-lobed, milky sap from petiole	Yellow-green flowers before leaves, upright clusters	Paired samaras, wings at 180 degrees	Broadly columnar to rounded crown	Purple foliage persists, compact habit	Full purple canopy, wider spreading form	Large spreading crown, some dieback	Purple-leaved cultivar of Norway Maple. Milky sap diagnostic for parent species. Popular ornamental street tree.	ACER PLATANOIDES (parent): Green leaves, same form and buds. ACER PSEUDOPLATANUS ATROPURPUREUM: Purple underneath only, no milky sap, V-shaped seeds. PRUNUS CERASIFERA NIGRA: Purple leaves but cherry bark, no opposite buds. UNIQUE TO CRIMSON KING: Dark purple-red foliage throughout season plus milky sap confirms Norway Maple species.	Winter: Purple tinge in buds, red-brown color. Summer: Full purple foliage. Autumn: Purple persists, minimal color change.	Milky sap = Norway Maple species. Dark purple leaves = Crimson King cultivar. Purple color helps identify from distance, milky sap confirms species.	acer_platanoides_crimson_king
3	YES	Acer pseudoplatanus	Sycamore		Maple	Grey bark, scaling in irregular plates, pinkish-brown beneath	Large green-brown buds, opposite, pointed with scales edged in green	Broad domed crown, strong trunk	No milky sap, grey-green twigs	Large palmate leaves, 5-lobed with rounded sinuses, dark green above, no milky sap	Yellow-green flowers in hanging racemes, after leaves emerge	Paired samaras, wings forming acute V-shape	Broad domed crown	Smooth grey bark, vigorous growth	Flaking bark reveals pink-brown beneath	Massive trunk, hollow centers common	Most common large tree in UK. No milky sap distinguishes from Norway Maple. Prolific self-seeder.	ACER PLATANOIDES: Milky sap, red-brown buds, samara wings at 180 degrees not V-shaped. ACER CAMPESTRE: Much smaller with corky twigs on mature trees. UNIQUE TO SYCAMORE: Large leaves with no milky sap, samaras in V-shape, flaking grey-pink bark, flowers in hanging clusters after leaves.	Winter: Large green-brown buds, flaking bark. Summer: Hanging flower clusters after leaves. Autumn: Often brown, sometimes yellow.	No milky sap = Sycamore (not Norway Maple). Hanging flower clusters vs upright in Norway Maple. Pseudoplatanus = false plane.	acer_pseudoplatanus
4	YES	Acer campestre	Field Maple		Maple	Grey-brown bark, developing corky ridges	Small reddish buds, opposite, hairy	Rounded bushy crown, often multi-stemmed	Developing corky wings on 2nd year growth	Small palmate leaves, 5-lobed with rounded lobes, no milky sap	Small greenish flowers in upright clusters	Paired samaras, wings almost horizontal	Dense rounded crown	Smooth bark, neat compact form	Corky bark develops on twigs and branches	Gnarled trunk, dense crown	Only UK native maple. Distinctive corky bark on mature twigs diagnostic. Small leaves compared to other Acer.	ACER PLATANOIDES: Much larger leaves, milky sap, no corky bark. ACER PSEUDOPLATANUS: Much larger leaves, no corky bark. CRATAEGUS (HAWTHORN): Similar small lobed leaves but alternate not opposite, thorny. UNIQUE TO FIELD MAPLE: Small maple with corky wings on mature twigs, only native Acer in UK.	Winter: Corky winged twigs distinctive, small buds. Summer: Small neat leaves. Autumn: Clear yellow to orange.	Look for corky wings on mature twigs - diagnostic for Field Maple. Smallest UK maple. Campestre = of the fields.	acer_campestre
5	YES	Quercus robur	English Oak		Oak	Deeply fissured grey-brown bark forming vertical plates	Small brown buds in clusters at twig ends, alternate	Broad spreading crown, strong central trunk	Short irregular shoots, clustered buds at tips	Lobed leaves with very short stalk (almost sessile), auricles at base	Inconspicuous catkins	Acorns on long stalks (2-7cm peduncle)	Broad domed crown with massive framework	Upright form, smooth bark	Wide spreading crown, deeply fissured bark	Hollow trunks, stag-headed, massive limbs	Most important native tree. Long-stalked acorns diagnostic vs Sessile Oak.	QUERCUS PETRAEA (SESSILE OAK): Leaves have longer stalks, acorns sessile (no stalk), more upland distribution. QUERCUS CERRIS (TURKEY OAK): Whisker-like scales on buds and acorn cups, leaves more deeply cut. UNIQUE TO ENGLISH OAK: Acorns on long stalks, leaves with auricles at base and short stalks, lowland distribution.	Winter: Clustered buds at twig tips, deeply fissured bark. Summer: Short-stalked leaves. Autumn: Russet-brown, often persisting.	Acorn stalk length diagnostic: long stalk = English Oak, no stalk = Sessile Oak. Robur = strong/robust.	quercus_robur
6	YES	Quercus petraea	Sessile Oak		Oak	Deeply fissured grey-brown bark, straighter fissures than English Oak	Small brown buds in clusters, alternate	More upright crown than English Oak	Straighter shoots than English Oak	Lobed leaves with distinct stalk (1-2.5cm petiole), no auricles at base	Inconspicuous catkins	Acorns without stalks (sessile), sitting directly on twig	Upright oval crown	Straighter trunk, smoother bark initially	More upright form, straight trunk	Straighter bole than English Oak	Common in western uplands. Sessile acorns diagnostic. Straighter trunk than English Oak.	QUERCUS ROBUR (ENGLISH OAK): Acorns on long stalks, leaves with auricles and short stalks, lowland distribution, more spreading crown. UNIQUE TO SESSILE OAK: Acorns without stalks (sessile), leaves with distinct petiole and no auricles, upright form, upland distribution.	Winter: Similar to English Oak but shoots straighter. Summer: Longer leaf stalks visible. Autumn: Russet-brown.	Acorn stalk: none = Sessile Oak. Leaf stalk: longer = Sessile Oak. Petraea = of rocky places (upland habitat).	quercus_petraea
7	YES	Fraxinus excelsior	European Ash		Ash	Pale grey bark, smooth when young, developing diamond-shaped fissures	Jet black buds, opposite, pointed, distinctive	Tall straight trunk, airy crown when in leaf	Pale grey-green smooth shoots	Pinnate compound leaves, 9-13 leaflets, serrated edges	Inconspicuous purple flowers before leaves	Clusters of single-winged keys (samaras) hanging in bunches	Light open crown, often late to leaf	Smooth pale bark, straight growth	Pale grey fissured bark, open crown	Often dying back due to ash dieback disease	Distinctive jet black buds diagnostic in winter. Single-winged keys different from paired maple samaras. Threatened by ash dieback.	FRAXINUS PENNSYLVANICA (RED ASH): Brown buds not black, smaller leaves. SORBUS AUCUPARIA (ROWAN): Similar pinnate leaves but alternate not opposite, red berries not keys, different bark. UNIQUE TO EUROPEAN ASH: Jet black opposite buds, pale grey bark, single-winged keys in hanging bunches.	Winter: Jet black buds unmistakable, smooth pale grey twigs. Summer: Last to leaf, first to drop. Autumn: Clear yellow if healthy.	Jet black opposite buds = Ash (nothing else has this). Keys hang in bunches. Excelsior = taller/higher (grows very tall).	fraxinus_excelsior
8	YES	Betula pendula	Silver Birch		Birch	White bark with black diamond-shaped fissures, peeling in papery layers	Small brown buds, alternate, pointed, slightly sticky	Elegant weeping form, fine branching	Long pendulous shoots, rough with warty texture	Small triangular leaves, doubly serrate, long pointed tip	Catkins - male yellow pendulous, female green upright	Small winged nutlets in brown disintegrating catkins	Graceful weeping crown	Smooth white bark develops early	White bark with black diamonds, pendulous branches	Thick black fissures at base, heavy branching	Weeping habit and warty shoots distinguish from Downy Birch. Triangular leaves with long point.	BETULA PUBESCENS (DOWNY BIRCH): More upright habit, hairy shoots (not warty), leaves more rounded without long point, prefers wetter sites. UNIQUE TO SILVER BIRCH: Warty rough shoots, weeping habit, triangular leaves with long pointed tip, diamond-patterned white bark.	Winter: White bark visible, warty shoots, pendulous form. Summer: Light dancing foliage. Autumn: Clear gold.	Rough warty shoots = Silver Birch. Smooth hairy shoots = Downy Birch. Pendula = pendulous/weeping.	betula_pendula
9	YES	Betula pubescens	Downy Birch		Birch	White bark, less pronounced black fissuring than Silver Birch	Small brown buds, alternate, slightly hairy	More upright form than Silver Birch	Shoots with fine downy hairs, not warty	Small oval leaves, doubly serrate, more rounded than Silver Birch	Catkins similar to Silver Birch	Small winged nutlets	Upright oval crown	Smooth bark, upright growth	White bark, more upright than Silver Birch	Less black fissuring than Silver Birch	Prefers wetter sites than Silver Birch. Upright habit and hairy shoots diagnostic.	BETULA PENDULA (SILVER BIRCH): Warty shoots not hairy, weeping habit, triangular leaves with long point, drier sites. UNIQUE TO DOWNY BIRCH: Hairy shoots (not warty), more upright form, rounded leaves, prefers wetter habitats.	Winter: Smoother shoots with fine hairs. Summer: More rounded leaf form. Autumn: Gold.	Feel the shoots: hairy = Downy Birch, warty/rough = Silver Birch. Pubescens = downy/hairy.	betula_pubescens
10	YES	Prunus avium	Wild Cherry		Cherry	Smooth reddish-brown bark with horizontal lenticels, peeling in horizontal strips	Large reddish buds, alternate, clustered at shoot tips	Conical to rounded crown	Reddish-brown twigs	Oval leaves with serrated edges, pointed tip, dull green	White flowers in clusters, appearing with leaves	Small dark red to black cherries	Rounded crown	Glossy bark with prominent lenticels	Bark starts to peel in strips, full crown	Large specimens with distinctive peeling bark	Native cherry with distinctive peeling bark in horizontal bands. White flowers in clusters. Very bitter fruit.	PRUNUS PADUS (BIRD CHERRY): White flowers in long spikes not clusters, black bark, different bark character. PRUNUS CERASIFERA (CHERRY PLUM): Much smaller, flowers before leaves, purple-black bark. UNIQUE TO WILD CHERRY: Reddish-brown bark peeling in horizontal strips with lenticels, white flowers in flat-topped clusters, bitter cherries.	Winter: Reddish bark with lenticels, large buds. Spring: White blossom with leaves. Autumn: Red tints.	Bark peels in horizontal bands (like masking tape). Avium = of the birds (they eat the cherries).	prunus_avium
11	YES	Prunus padus	Bird Cherry		Cherry	Dark grey-brown to black bark, smooth with prominent lenticels, unpleasant smell when scratched	Small brown buds, alternate	Spreading rounded crown	Twigs with unpleasant smell when broken	Oval finely serrated leaves	White flowers in long drooping spikes (racemes)	Small black cherries in drooping spikes	Rounded crown	Smooth dark bark	Black bark, dense crown	Gnarled form, black bark	Flowers in long drooping spikes distinguish from other cherries. Dark black bark. Unpleasant smell when scratched.	PRUNUS AVIUM (WILD CHERRY): Reddish peeling bark, flowers in clusters not spikes. SORBUS AUCUPARIA (ROWAN): Pinnate leaves not simple, red berries, different bark. UNIQUE TO BIRD CHERRY: White flowers in long drooping racemes, smooth black bark with unpleasant smell when scratched, black cherries in spikes.	Winter: Black bark, scent when scratched. Spring: Long white flower spikes. Autumn: Yellow tints.	Long drooping flower spikes (like paintbrushes) diagnostic. Padus = ancient Greek name for wild cherry.	prunus_padus
12	YES	Sorbus aucuparia	Rowan		Rowan	Smooth silvery-grey bark, shiny with horizontal lenticels	Large purple-brown buds, alternate, with grey hairs	Upright oval crown	Purple-brown twigs with white lenticels	Pinnate compound leaves, 11-15 leaflets, sharply serrate	Creamy-white flowers in dense flat-topped clusters	Bright orange-red berries in large clusters	Light open crown	Smooth silvery bark, upright form	Full berry production, silvery bark	Often short-lived, prone to die-back	Most common native Sorbus. Pinnate leaves with orange-red berries diagnostic. Silvery bark distinctive.	SORBUS ARIA (WHITEBEAM): Simple not compound leaves, white underneath. SORBUS INTERMEDIA (SWEDISH WHITEBEAM): Partially lobed leaves, orange berries. FRAXINUS EXCELSIOR (ASH): Similar pinnate leaves but opposite not alternate, black buds, different bark. UNIQUE TO ROWAN: Pinnate leaves alternate on shoots, bright orange-red berries, smooth silvery-grey bark with lenticels.	Winter: Purple-brown hairy buds, silvery bark. Spring: Creamy blossom. Autumn: Orange berries, red-orange leaves.	Pinnate + alternate = Rowan. Pinnate + opposite = Ash. Aucuparia = bird-catcher (birds love the berries).	sorbus_aucuparia
13	YES	Sorbus aria	Common Whitebeam		Rowan	Grey bark, smooth when young, becoming fissured	Green pointed buds with white hairs	Broad rounded crown	White downy shoots	Simple oval leaves, white-downy underneath, green above	Creamy-white flowers in clusters	Orange-red ovoid berries	Dense rounded crown	Silvery appearance due to white leaf undersides	Full crown, grey fissured bark	Sturdy form, heavy branches	Simple leaves white underneath diagnostic. Native to chalk and limestone. Common street tree.	SORBUS AUCUPARIA (ROWAN): Pinnate compound leaves not simple. SORBUS INTERMEDIA (SWEDISH WHITEBEAM): Leaves lobed not simple oval. POPULUS ALBA (WHITE POPLAR): Leaves white underneath but lobed, alternate, different bark and habit. UNIQUE TO COMMON WHITEBEAM: Simple oval leaves with white-felted undersides, orange-red berries, grey bark, chalk/limestone specialist.	Winter: White hairy buds, grey bark. Spring: White blossom, silvery foliage effect. Autumn: Orange berries, silvery leaves.	Turn leaf over: white = Whitebeam. Silvery appearance of crown from distance. Aria = ancient name.	sorbus_aria
14	YES	Tilia x europaea	Common Lime		Lime	Grey-brown bark with shallow fissures, often with masses of epicormic shoots at base	Small reddish buds, alternate, asymmetric	Tall columnar crown	Twigs often with aphid honeydew, developing aerial shoots	Heart-shaped leaves, asymmetric base, serrate edge	Fragrant yellow-green flowers with leaf-like bract	Small hard nutlets attached to wing-like bract	Tall columnar to domed crown	Upright form, epicormic shoots develop	Massive trunk with epicormic growth, tall crown	Very large trunk, heavily epicormic	Hybrid between Small-leaved and Large-leaved Lime. Very common street tree. Masses of basal shoots and aphid honeydew problematic.	TILIA CORDATA (SMALL-LEAVED LIME): Much less epicormic growth, smaller leaves, orange tufts in vein axils underneath. TILIA PLATYPHYLLOS (LARGE-LEAVED LIME): Larger leaves with white hairs, less epicormic growth. UNIQUE TO COMMON LIME: Masses of epicormic shoots from base and trunk, moderate-sized leaves, very common in streets and parks, hybrid origin.	Winter: Epicormic shoots masses at base. Summer: Heavy aphid drip, sticky leaves and ground. Autumn: Yellow.	Masses of shoots at trunk base = Common Lime. Sticky honeydew rain in summer under trees. Europaea = European (hybrid of two native species).	tilia_europaea
15	YES	Tilia cordata	Small-leaved Lime		Lime	Grey bark becoming fissured	Small reddish buds, alternate	Neat rounded crown	Clean twigs, minimal epicormic growth	Small heart-shaped leaves (3-6cm), dark green, orange tufts in vein axils underneath	Fragrant cream-yellow flowers, later than other limes	Small thin-walled nutlets	Neat rounded crown	Smooth bark, neat habit	Minimal epicormic growth, neat form	Graceful form, minimal epicormic shoots	Native UK lime. Much neater than Common Lime. Orange tufts in leaf vein axils diagnostic.	TILIA X EUROPAEA (COMMON LIME): Larger leaves, masses of epicormic shoots. TILIA PLATYPHYLLOS (LARGE-LEAVED LIME): Larger leaves with white hairs underneath, earlier flowering. UNIQUE TO SMALL-LEAVED LIME: Small leaves (3-6cm) with orange hair tufts in vein axils underneath, minimal epicormic growth, latest flowering lime.	Winter: Neat form, little epicormic growth. Summer: Orange tufts visible underneath leaves. Autumn: Yellow.	Turn leaf over: orange tufts in vein axils = Small-leaved Lime. Neatest lime. Cordata = heart-shaped.	tilia_cordata
16	YES	Fagus sylvatica	European Beech		Beech	Smooth silver-grey bark remaining smooth even when old	Long pointed brown buds, alternate, distinctive cigar-shape	Broad domed crown, branches often to ground level	Zig-zag twigs	Oval leaves with wavy edges, silky hairs when young	Inconspicuous flowers	Prickly husks containing 2 triangular nuts (beech mast)	Majestic domed crown	Smooth grey bark, dense shade beneath	Smooth elephant-grey bark, massive spreading crown	Huge trunks, smooth bark even when ancient	Smooth grey bark diagnostic - remains smooth even in very old trees. Long cigar-shaped buds in winter.	CARPINUS BETULUS (HORNBEAM): Similar leaves but doubly serrate not wavy-edged, fluted grey trunk not smooth, different buds and fruit. UNIQUE TO BEECH: Smooth silver-grey bark at all ages, long pointed cigar-shaped buds, wavy-edged leaves with silky hairs, prickly husked nuts, creates dense shade.	Winter: Long pointed buds, smooth grey bark. Summer: Dense shade, wavy leaves. Autumn: Copper-bronze, leaves often persist.	Smooth grey bark like elephant skin = Beech (not Hornbeam which is fluted). Sylvatica = of the woods.	fagus_sylvatica
17	YES	Fagus sylvatica	Copper Beech	Purpurea	Beech	Smooth silver-grey bark	Long pointed brown buds with purple tinge	Broad domed crown	Zig-zag twigs	Dark purple-red leaves, wavy edges, silky when young	Inconspicuous flowers	Prickly husks with nuts	Majestic domed crown with purple foliage	Smooth bark, purple foliage	Full purple canopy	Purple tints remain in old specimens	Purple-leaved cultivar of European Beech. Same smooth bark and cigar buds as parent species.	FAGUS SYLVATICA (parent): Green leaves, otherwise identical. ACER PLATANOIDES CRIMSON KING: Purple leaves but opposite not alternate, milky sap, different bark and form. UNIQUE TO COPPER BEECH: Purple foliage with smooth grey bark and long pointed buds - combination diagnostic.	Winter: Purple tinge in buds, smooth grey bark. Summer: Full purple canopy. Autumn: Purple-bronze.	Purple + smooth grey bark + long buds = Copper Beech. Purpurea = purple.	fagus_sylvatica_purpurea
18	YES	Carpinus betulus	Hornbeam		Hornbeam	Smooth grey bark with distinctive vertical fluting creating muscular appearance	Small brown buds, alternate, pressed close to twig	Rounded crown, often with multiple stems	Twigs slightly hairy, zig-zag	Oval leaves, doubly serrate, prominent parallel veins	Inconspicuous catkins	Clusters of three-lobed bracts with small nut	Dense rounded crown	Smooth bark developing flutes	Strongly fluted trunk, grey bark	Heavily fluted muscular trunk	Fluted trunk diagnostic - looks like flexed muscles. Often confused with Beech but doubly serrate leaves and fluted bark distinguish it.	FAGUS SYLVATICA (BEECH): Smooth bark not fluted, long pointed buds not small pressed buds, wavy-edged leaves not doubly serrate. UNIQUE TO HORNBEAM: Fluted muscular grey bark, doubly serrate leaves with prominent parallel veins, three-lobed winged fruits, small buds pressed to twig.	Winter: Fluted bark diagnostic, small pressed buds, old leaves persist. Summer: Doubly serrate leaves with parallel veins. Autumn: Yellow, leaves often persist.	Fluted muscular trunk = Hornbeam. Smooth trunk = Beech. Betulus = birch-like (similar leaves to birch).	carpinus_betulus
19	YES	Platanus x hispanica	London Plane		Plane	Distinctive patchwork of cream, grey, and brown where bark flakes off	Large brown buds, alternate, enclosed by leaf base	Massive spreading crown	Stout twigs	Large palmate leaves (5-lobed), maple-like but alternate not opposite	Inconspicuous ball-like flower clusters	Distinctive spiky balls hanging on long stalks, 2-4 on each stalk	Massive domed crown	Smooth flaking bark develops early	Full bark patchwork, massive spreading limbs	Enormous trunks, heavy limb structure	Most common London street tree. Patchwork bark diagnostic. Spiky ball fruits distinctive.	ACER PSEUDOPLATANUS (SYCAMORE): Similar leaves but opposite not alternate, no bark flaking, different fruits. ACER PLATANOIDES (NORWAY MAPLE): Similar leaves but opposite, milky sap, no flaking bark. UNIQUE TO LONDON PLANE: Patchwork flaking bark cream/grey/brown, alternate palmate leaves, spiky ball fruits in groups on stalks, pollution tolerant.	Winter: Patchwork bark, spiky balls hanging. Summer: Large maple-like leaves (but alternate). Autumn: Yellow-brown.	Patchwork flaking bark = Plane. Leaves alternate not opposite (so not a maple). Ball fruits diagnostic. Hispanica = Spanish (hybrid origin).	platanus_hispanica
20	YES	Pinus sylvestris	Scots Pine		Pine	Reddish-orange bark in upper crown, grey-brown fissured at base	Pointed brown buds	Conical when young, developing flat-topped irregular crown with age	Shoots hairless	Paired needles (2 per fascicle), blue-green, twisted, 3-7cm long	Male cones yellow, female cones small and red	Small woody cones, egg-shaped	Distinctive irregular crown with orange upper bark	Straight trunk, conical form	Orange-red bark in upper crown, irregular crown	Flat-topped crown, orange bark visible	Only native UK pine. Orange bark in upper crown diagnostic. Paired twisted blue-green needles.	PINUS NIGRA (AUSTRIAN PINE): Darker bark, longer darker needles (8-16cm), denser crown. LARIX DECIDUA (EUROPEAN LARCH): Deciduous needles in rosettes, different bark. UNIQUE TO SCOTS PINE: Reddish-orange bark in upper crown, paired blue-green twisted needles 3-7cm, irregular flat-topped crown in maturity, only native UK pine.	Winter: Orange bark visible, persistent needles. Summer: Blue-green foliage. Autumn: Evergreen.	Orange upper bark = Scots Pine. Two needles per bundle. Sylvestris = of the woods/forest.	pinus_sylvestris
21	YES	Alnus glutinosa	Common Alder		Alder	Dark grey-brown bark, fissured into small plates	Stalked purple-brown buds, alternate, blunt	Conical to rounded crown	Purple-brown twigs, often with old cone-like fruits	Rounded leaves with notched apex, doubly serrate, dark green	Small catkins, male reddish drooping, female small upright	Woody cone-like fruits persisting through winter	Open rounded crown	Smooth bark, upright form	Fissured dark bark, often by water	Large specimens often hollow, by water	Wetland specialist - always near water. Woody cone-like fruits persist all year. Rounded leaves with notched tip.	BETULA (BIRCH): Similar catkins but white bark, triangular leaves, different fruits. CORYLUS AVELLANA (HAZEL): Similar catkins but different bark, different leaves, true nuts not woody cones. UNIQUE TO COMMON ALDER: Rounded leaves with notched tip, woody cone-like fruits persisting, dark fissured bark, always in wet habitats, nitrogen-fixing.	Winter: Dark bark, woody cones and catkins visible. Summer: Dark green foliage by water. Autumn: Little color change, often green till leaf drop.	Woody cones through winter = Alder. Always near water (stream/pond specialist). Glutinosa = sticky (young leaves sticky).	alnus_glutinosa
22	YES	Crataegus monogyna	Hawthorn		Hawthorn	Grey-brown bark, fissured	Small brown buds, alternate	Dense thorny rounded shrub or small tree	Thorny shoots	Deeply lobed leaves, 3-7 lobes	White flowers (may blossom) in clusters, strong scent	Red haws (single-seeded berries)	Dense thorny crown	Thorny, dense habit	Full thorny crown, small stature	Gnarled thorny form	Extremely common hedge and woodland edge plant. Thorns and deeply lobed leaves diagnostic. Strong-scented May blossom.	CRATAEGUS LAEVIGATA (MIDLAND HAWTHORN): Shallower leaf lobes, 2-3 seeds per berry, ancient woodland indicator. PRUNUS SPINOSA (BLACKTHORN): Thorny but flowers before leaves, oval leaves not lobed, black sloes not red haws. UNIQUE TO HAWTHORN: Deeply lobed leaves, thorny shoots, white May blossom with distinctive scent, red haws with single seed.	Winter: Thorny shoots, red haws persist. Spring: White May blossom (strong scent). Autumn: Red haws, yellow-red leaves.	Thorns + deeply lobed leaves = Hawthorn. May blossom strong scent. Monogyna = one seed (in berry).	crataegus_monogyna
23	YES	Malus sylvestris	Crab Apple		Crab Apple	Grey-brown bark, scaly	Small brown buds, may have spines on shoots	Rounded thorny crown	May have spine-like short shoots	Oval leaves, finely serrated	Pink-white blossom	Small yellow-green or red apples, very bitter	Rounded crown, often thorny	Small stature, may be thorny	Spreading crown, bark scaly	Often multi-stemmed, thorny	Native wild apple. Small bitter fruit. May have thorns (unlike cultivated apples).	MALUS DOMESTICA (CULTIVATED APPLE): Larger sweeter fruit, no thorns, more refined form. PRUNUS (CHERRIES): Similar blossom but different leaves, peeling bark, different fruit. PYRUS (PEAR): Similar but leaves more glossy, different fruit shape. UNIQUE TO CRAB APPLE: Small very bitter apples, may have thorny shoots, wild appearance, native species.	Winter: Thorny shoots may be present, scaly bark. Spring: Pink-white blossom. Autumn: Small bitter apples, yellow leaves.	Small bitter apples = Crab Apple (not cultivated). May have thorns. Sylvestris = of the woods (wild).	malus_sylvestris
24	YES	Taxus baccata	Yew		Yew	Reddish-brown bark, flaking in thin plates	Small green buds	Dense dark green crown, often broader than tall	Green shoots	Dark green linear needles, arranged in two ranks, poisonous	Male cones small yellow, female green	Bright red fleshy aril surrounding poisonous seed	Very dense dark crown	Dense compact form, dark foliage	Spreading form, can be massive girth	Can live thousands of years, massive hollow trunks	Native evergreen. Extremely poisonous (except red aril). Can live for thousands of years. Dense dark foliage.	TAXUS BACCATA FASTIGIATA (IRISH YEW): Narrow columnar form, needles radial not two-ranked. ABIES (FIR): Similar needles but with silver bands underneath, different cones, different bark. UNIQUE TO YEW: Dark green needles in two ranks, bright red arils, reddish flaking bark, extremely long-lived, highly poisonous foliage and seeds.	Winter: Evergreen dark foliage, reddish bark. Summer: Red arils ripen. Autumn: Evergreen.	Red berry-like arils = Yew (but seed inside poisonous). Dark evergreen in two ranks. Baccata = berry-bearing.	taxus_baccata
25	YES	Taxus baccata	Irish Yew	Fastigiata	Yew	Reddish-brown bark, flaking	Small green buds	Distinctive narrow columnar form	Green shoots	Dark green needles arranged radially around shoot (not two-ranked)	Male cones yellow, female green	Red fleshy arils	Narrow columnar form	Upright columnar habit from young	Maintains narrow column	Stays narrow even when old	Fastigiate cultivar of Common Yew. Narrow column form and radial needle arrangement diagnostic.	TAXUS BACCATA (parent): Needles in two ranks not radial, spreading form not columnar. CUPRESSUS SEMPERVIRENS (ITALIAN CYPRESS): Similar column but scale leaves not needles, different cones and bark. UNIQUE TO IRISH YEW: Narrow columnar form with dark needles arranged radially around shoots, red arils, extremely poisonous.	Winter: Evergreen narrow column, dark foliage. Summer: Red arils on female trees. Autumn: Evergreen.	Narrow column + radial needles = Irish Yew. Still highly poisonous like parent. Fastigiata = upright/erect.	taxus_baccata_fastigiata
26	YES	Salix alba	White Willow		Willow	Grey-brown bark with network of deep fissures	Small brown buds, alternate, pressed to twig	Tall with ascending branches	Olive-brown or yellowish twigs	Long narrow leaves, silvery-white hairs underneath giving silvery appearance to whole tree	Small catkins	Tiny capsules releasing fluffy seeds	Tall with ascending branches creating silvery crown	Smooth bark, upright growth	Fissured bark, tall ascending form	Large fissured trunk, often by water	Common by rivers and streams. Silvery foliage from white leaf undersides. Grows very rapidly.	SALIX FRAGILIS (CRACK WILLOW): Twigs snap cleanly at base (crack), leaves green both sides, more spreading crown. SALIX CAPREA (GOAT WILLOW): Broader leaves, different habitat (not strictly riparian), different form. POPULUS ALBA (WHITE POPLAR): Similar white leaf undersides but lobed leaves, fluted bark, suckers profusely. UNIQUE TO WHITE WILLOW: Long narrow leaves silvery underneath creating silver crown, ascending branches, crack willows crack but white willows don't snap cleanly, waterside habitat.	Winter: Olive or yellow twigs, fissured bark. Summer: Silvery crown effect. Autumn: Yellow.	Silvery crown from distance = White Willow. Long narrow leaves. Alba = white (silvery foliage).	salix_alba
27	YES	Populus tremula	Aspen		Poplar	Smooth greenish-grey bark with diamond-shaped lenticels becoming fissured at base	Small reddish-brown buds, alternate, pointed	Open airy crown	Grey-green twigs	Rounded leaves on flattened stalks causing leaves to tremble in slightest breeze	Catkins - male reddish, female green	Fluffy white seeds in early summer	Open trembling crown	Smooth grey bark, suckering habit	Full suckering, trembling foliage, fissured base	Large suckers, deeply fissured base	Leaves flutter and rustle in slightest breeze due to flattened leaf stalks. Suckers profusely from roots.	POPULUS ALBA (WHITE POPLAR): Lobed leaves white underneath, different bark, more substantial. POPULUS NIGRA (BLACK POPLAR): Larger triangular leaves, deeply fissured bark, different crown form. BETULA (BIRCH): Similar light crown but different leaves, white bark, no trembling. UNIQUE TO ASPEN: Rounded leaves on flattened stalks causing constant trembling movement, grey-green bark with diamonds, suckers extensively, distinctive rustling sound.	Winter: Grey bark with diamonds, extensive suckers. Summer: Trembling rustling foliage. Autumn: Clear gold.	Trembling rustling leaves = Aspen (flattened leaf stalks). Extensive suckering. Tremula = trembling.	populus_tremula
28	YES	Ginkgo biloba	Maidenhair Tree		Ginkgo	Grey-brown bark, deeply fissured and corky	Small brown buds, alternate, on short spurs	Conical when young, becoming broader	Short spur shoots and long shoots	Unique fan-shaped leaves with radiating veins, notched in middle	Male and female on different trees - small cones	Female trees produce smelly plum-like fruits	Conical becoming broad	Straight trunk, conical form	Spreading form, distinctive foliage	Ancient specimens can be massive	Living fossil - only surviving member of ancient group. Unique fan-shaped leaves unmistakable. Smelly fruits on female trees.	NO SIMILAR SPECIES: Completely unique leaf shape - fan-shaped with radiating veins and central notch. Ancient lineage predating flowering plants. UNIQUE TO GINKGO: Fan-shaped leaves with radiating veins and notch, living fossil, smelly fruits on females, extremely pollution tolerant, brilliant gold autumn color.	Winter: Deciduous, bare, fissured bark. Summer: Unique fan-shaped foliage. Autumn: Spectacular pure gold color all at once.	Fan-shaped leaves = Ginkgo (nothing else like it). Living fossil. Female trees smell bad when fruiting. Biloba = two-lobed.	ginkgo_biloba
